Subject,Keyword
Physics,Physics
Mathematics,Mathematics
Biology,Biology
Chemistry,Chemistry
History,History
Literature,Literature
Literature,Poetry
Literature,Drama
Literature,Prose
Computer Science,Computer Science
Computer Science,Algorithms
Computer Science,Machine Learning
Art,Art
Art,Painting
Art,Sculpture
Art,Photography
Music,Music
Music,Jazz
Music,Classical Music
Economics,Economics
Psychology,Psychology
Sociology,Sociology
Anthropology,Anthropology
Political Science,Political Science
Political Science,International Relations
Political Science,Comparative Politics
Philosophy,Philosophy
Philosophy,Ethics
Philosophy,Metaphysics
Philosophy,Epistemology
Philosophy,Logic
Environmental Science,Environmental Science
Environmental Science,Climate Change
Environmental Science,Conservation
Geology,Geology
Astronomy,Astronomy
Engineering,Engineering
Engineering,Civil Engineering
Engineering,Mechanical Engineering
Engineering,Electrical Engineering
Engineering,Chemical Engineering
Medicine,Medicine
Medicine,Anatomy
Medicine,Physiology
Medicine,Pathology
Law,Law
Business,Business
Business,Marketing
Business,Finance
Business,Management
Education,Education
Education,Curriculum Development
Education,Educational Psychology
Communications,Communications
Communications,Journalism
Communications,Public Relations
Languages,Languages
Languages,Linguistics
Languages,Translation Studies
Theater,Theater
Theater,Acting
Theater,Directing
Theater,Playwriting
Dance,Dance
Dance,Ballet
Dance,Contemporary Dance
Dance,Choreography
